GEOID_CITY,NAME_CITY,latitude,longitude,state,growing_val,growing_flag,climate_val,climate_flag,type,type_ind
0103076,Auburn,32.6078059,-85.4947461,AL,NA,NA,0.6795603791016762,FALSE,origin,4
0107000,Birmingham,33.5271744,-86.7970356,AL,-4.4360699344107815,FALSE,0.7148491893004557,FALSE,origin,4
0121184,Dothan,31.2336983,-85.4068225,AL,7.655294464433419,TRUE,0.6475787541559936,FALSE,risk,3
0135896,Hoover,33.3790298,-86.8089053,AL,12.523474691611915,TRUE,0.7148491893004557,FALSE,risk,3
0137000,Huntsville,34.69772,-86.6766704,AL,26.642263812159207,TRUE,0.6677312265662816,FALSE,risk,3
0150000,Mobile,30.668426,-88.1002261,AL,-1.1535704119164003,FALSE,0.7421750498853488,FALSE,origin,4
0151000,Montgomery,32.3485029,-86.2673072,AL,-2.584662951720343,FALSE,0.6965359772838561,FALSE,origin,4
0177256,Tuscaloosa,33.2344041,-87.5283003,AL,19.479787234256662,TRUE,0.7009702085208095,FALSE,risk,3
0203000,Anchorage,61.1742503,-149.2843294,AK,-5.378048138581637,FALSE,0.1356428526107577,TRUE,opportunity,2
0404720,Avondale,33.3132362,-112.3289278,AZ,22.15965850345352,TRUE,0.4166179149182702,TRUE,destination,1
0407940,Buckeye,33.4315726,-112.6416256,AZ,NA,NA,0.4166179149182702,TRUE,origin,4
0410670,Casas Adobes,32.3418343,-111.0115934,AZ,5.0245010038484,TRUE,0.4868709774430647,TRUE,destination,1
0412000,Chandler,33.282765499999996,-111.8518187,AZ,15.051463277089283,TRUE,0.4166179149182702,TRUE,destination,1
0423620,Flagstaff,35.1852121,-111.6206977,AZ,13.524391562184608,TRUE,0.41622002864764385,TRUE,destination,1
0427400,Gilbert,33.3103453,-111.7431213,AZ,23.686517665412758,TRUE,0.4166179149182702,TRUE,destination,1
0427820,Glendale,33.533111,-112.1899006,AZ,13.110023238264247,TRUE,0.4166179149182702,TRUE,destination,1
0428380,Goodyear,33.2540305,-112.3664724,AZ,57.66007625539105,TRUE,0.4166179149182702,TRUE,destination,1
0444410,Maricopa,33.0419424,-111.999259,AZ,NA,NA,0.5048544403264524,FALSE,origin,4
0446000,Mesa,33.4006255,-111.7164869,AZ,14.900631990227033,TRUE,0.4166179149182702,TRUE,destination,1
0454050,Peoria,33.7861861,-112.308042,AZ,25.164543896877483,TRUE,0.4166179149182702,TRUE,destination,1
0455000,Phoenix,33.5721544,-112.0901324,AZ,14.604133837187167,TRUE,0.4166179149182702,TRUE,destination,1
0458150,Queen Creek,33.2394246,-111.6133191,AZ,NA,NA,0.4166179149182702,TRUE,origin,4
0464210,San Tan Valley,33.1785918,-111.5628227,AZ,34.520519278916076,TRUE,0.5048544403264524,FALSE,risk,3
0465000,Scottsdale,33.6842718,-111.8614483,AZ,7.865989169155961,TRUE,0.4166179149182702,TRUE,destination,1
0471510,Surprise,33.6708012,-112.4525462,AZ,37.863383191455334,TRUE,0.4166179149182702,TRUE,destination,1
0473000,Tempe,33.3884143,-111.9317823,AZ,17.274727772905155,TRUE,0.4166179149182702,TRUE,destination,1
0477000,Tucson,32.1530357,-110.8707734,AZ,8.064093625785741,TRUE,0.4868709774430647,TRUE,destination,1
0485540,Yuma,32.5162863,-114.521782,AZ,9.598717753484209,TRUE,0.3865358681560388,TRUE,destination,1
0515190,Conway,35.0744041,-92.4670035,AR,NA,NA,0.5338554176789752,FALSE,origin,4
0523290,Fayetteville,36.0714549,-94.1665644,AR,31.60606968907988,TRUE,0.4857938907925896,TRUE,destination,1
0524550,Fort Smith,35.3492757,-94.370883,AR,4.134449244805091,TRUE,0.4684976455398028,TRUE,destination,1
0535710,Jonesboro,35.8197553,-90.6790329,AR,16.294218603688797,TRUE,0.5591874708734267,FALSE,risk,3
0541000,Little Rock,34.7253928,-92.358556,AR,3.110148280524,TRUE,0.5963912131935363,FALSE,risk,3
0550450,North Little Rock,34.7817525,-92.2350568,AR,NA,NA,0.5963912131935363,FALSE,origin,4
0560410,Rogers,36.3180847,-94.1522866,AR,NA,NA,0.49431086909002875,TRUE,origin,4
0566080,Springdale,36.1914381,-94.1550623,AR,21.12904950835497,TRUE,0.4857938907925896,TRUE,destination,1
0600562,Alameda,37.7419107,-122.2599139,CA,-1.3179805434919403,FALSE,0.40334165296489743,FALSE,origin,4
0600884,Alhambra,34.0835711,-118.1364436,CA,-3.100185566838494,FALSE,0.43581356772643376,FALSE,origin,4
0602000,Anaheim,33.8555018,-117.7586572,CA,1.694493930082079,TRUE,0.5185496788599042,FALSE,risk,3
0602252,Antioch,37.978336,-121.7960638,CA,14.040651306174643,TRUE,0.38282867879948784,FALSE,risk,3
0602364,Apple Valley,34.5333761,-117.2103584,CA,12.534809280503033,TRUE,0.4806327917401404,TRUE,destination,1
0602553,Arden-Arcade,38.6006475,-121.3846427,CA,3.9135542191508152,TRUE,0.5001354665766918,FALSE,risk,3
0603526,Bakersfield,35.3531712,-119.0379186,CA,16.47704630541636,TRUE,0.28595385178861255,TRUE,destination,1
0603666,Baldwin Park,34.0828245,-117.9712858,CA,-5.7505551095592295,FALSE,0.43581356772643376,FALSE,origin,4
0604982,Bellflower,33.8878214,-118.1272504,CA,1.6208488235510599,TRUE,0.43581356772643376,FALSE,risk,3
0606000,Berkeley,37.8656733,-122.2987247,CA,4.008481343413973,TRUE,0.40334165296489743,FALSE,risk,3
0608142,Brentwood,37.9355778,-121.7189698,CA,NA,NA,0.38282867879948784,FALSE,origin,4
0608786,Buena Park,33.8573527,-118.0073733,CA,2.766344726882113,TRUE,0.5185496788599042,FALSE,risk,3
0608954,Burbank,34.1900793,-118.3264045,CA,-2.974012374040247,FALSE,0.43581356772643376,FALSE,origin,4
0610046,Camarillo,34.2218233,-119.0321535,CA,4.506177160546969,TRUE,0.39431179139463257,FALSE,risk,3
0611194,Carlsbad,33.1292841,-117.2841831,CA,4.869995384600394,TRUE,0.5111572000371594,FALSE,risk,3
0611390,Carmichael,38.6308121,-121.3256364,CA,17.640253433696557,TRUE,0.5001354665766918,FALSE,risk,3
0611530,Carson,33.840367,-118.2495736,CA,-1.785180064345159,FALSE,0.43581356772643376,FALSE,origin,4
0611964,Castro Valley,37.7082758,-122.0627686,CA,NA,NA,0.40334165296489743,FALSE,origin,4
0613014,Chico,39.7589514,-121.8177197,CA,17.353269136759348,TRUE,0.4798357795692636,TRUE,destination,1
0613210,Chino,33.9780368,-117.6577189,CA,22.81864583898145,TRUE,0.4806327917401404,TRUE,destination,1
0613214,Chino Hills,33.9429693,-117.7256483,CA,0.4830680309555802,TRUE,0.4806327917401404,TRUE,destination,1
0613392,Chula Vista,32.6276701,-117.0151696,CA,10.361678016259491,TRUE,0.5111572000371594,FALSE,risk,3
0613588,Citrus Heights,38.6948103,-121.2879525,CA,1.638429390846702,TRUE,0.5001354665766918,FALSE,risk,3
0614218,Clovis,36.8289665,-119.6849217,CA,25.513202384032834,TRUE,0.42503330848375376,TRUE,destination,1
0615044,Compton,33.8940467,-118.2274687,CA,1.2654434964586097,TRUE,0.43581356772643376,FALSE,risk,3
0616000,Concord,37.9721841,-122.0015871,CA,0.8114664439137114,TRUE,0.38282867879948784,FALSE,risk,3
0616350,Corona,33.8619689,-117.5654945,CA,4.811904816739027,TRUE,0.5136102975885942,FALSE,risk,3
0616532,Costa Mesa,33.6659055,-117.9123358,CA,-1.127952339902252,FALSE,0.5185496788599042,FALSE,origin,4
0617918,Daly City,37.686193,-122.4686688,CA,-3.658077546941906,FALSE,0.30858149664843904,FALSE,origin,4
0618100,Davis,38.556147,-121.7377925,CA,4.306367879882494,TRUE,0.4771783468282267,FALSE,risk,3
0619766,Downey,33.9382375,-118.1308561,CA,-2.1556744631360765,FALSE,0.43581356772643376,FALSE,origin,4
0620018,Dublin,37.7161372,-121.8962293,CA,NA,NA,0.40334165296489743,FALSE,origin,4
0620802,East Los Angeles,34.0315059,-118.1685666,CA,-19.224163666587618,FALSE,0.43581356772643376,FALSE,origin,4
0621230,Eastvale,33.9632744,-117.5823688,CA,NA,NA,0.5136102975885942,FALSE,origin,4
0621712,El Cajon,32.8016733,-116.9604685,CA,-0.7775469335271318,FALSE,0.5111572000371594,FALSE,origin,4
0622020,Elk Grove,38.4146207,-121.3849614,CA,15.043282403747048,TRUE,0.5001354665766918,FALSE,risk,3
0622230,El Monte,34.0746329,-118.0291358,CA,-5.568749728400123,FALSE,0.43581356772643376,FALSE,origin,4
0622804,Escondido,33.1330533,-117.074043,CA,3.747505671668538,TRUE,0.5111572000371594,FALSE,risk,3
0623182,Fairfield,38.2620602,-122.032386,CA,14.959075411662438,TRUE,0.4881694974702552,FALSE,risk,3
0624638,Folsom,38.6665966,-121.1416355,CA,20.97002799065193,TRUE,0.5001354665766918,FALSE,risk,3
0624680,Fontana,34.109686,-117.462888,CA,11.484091979240137,TRUE,0.4806327917401404,TRUE,destination,1
0626000,Fremont,37.4944602,-121.9411495,CA,1.9297342060069114,TRUE,0.40334165296489743,FALSE,risk,3
0627000,Fresno,36.7826843,-119.7933595,CA,12.3253842611912,TRUE,0.42503330848375376,TRUE,destination,1
0628000,Fullerton,33.8857156,-117.9280247,CA,3.0132192914001985,TRUE,0.5185496788599042,FALSE,risk,3
0629000,Garden Grove,33.7787816,-117.9604719,CA,-2.8784916845998807,FALSE,0.5185496788599042,FALSE,origin,4
0630000,Glendale,34.1813929,-118.2458301,CA,-2.673814209825705,FALSE,0.43581356772643376,FALSE,origin,4
0632548,Hawthorne,33.9147753,-118.3480828,CA,-0.9091469842589595,FALSE,0.43581356772643376,FALSE,origin,4
0633000,Hayward,37.626826,-122.104015,CA,5.5909377551099535,TRUE,0.40334165296489743,FALSE,risk,3
0633182,Hemet,33.7340679,-116.9968083,CA,19.49262343621564,TRUE,0.5136102975885942,FALSE,risk,3
0633434,Hesperia,34.3970383,-117.3151976,CA,17.85823419288326,TRUE,0.4806327917401404,TRUE,destination,1
0636000,Huntington Beach,33.6980069,-118.0038344,CA,-1.8281133258757,FALSE,0.5185496788599042,FALSE,origin,4
0636448,Indio,33.7316388,-116.2359705,CA,17.311121415838223,TRUE,0.5136102975885942,FALSE,risk,3
0636546,Inglewood,33.9560678,-118.3442743,CA,-1.8038583031237474,FALSE,0.43581356772643376,FALSE,origin,4
0636770,Irvine,33.6783986,-117.7712541,CA,34.23750523883942,TRUE,0.5185496788599042,FALSE,risk,3
0637692,Jurupa Valley,34.0025907,-117.4676122,CA,12.000330217623407,TRUE,0.5136102975885942,FALSE,risk,3
0639486,Lake Elsinore,33.685956,-117.3354038,CA,NA,NA,0.5136102975885942,FALSE,origin,4
0639496,Lake Forest,33.6549461,-117.6758479,CA,9.460940849654467,TRUE,0.5185496788599042,FALSE,risk,3
0639892,Lakewood,33.8471353,-118.121894,CA,-0.9808505372945582,FALSE,0.43581356772643376,FALSE,origin,4
0640130,Lancaster,34.693558,-118.1753054,CA,6.264944570810563,TRUE,0.43581356772643376,FALSE,risk,3
0641992,Livermore,37.6869767,-121.7597808,CA,-3.2693621588260893,FALSE,0.40334165296489743,FALSE,origin,4
0642202,Lodi,38.1216095,-121.2907652,CA,NA,NA,0.4429912580254669,FALSE,origin,4
0643000,Long Beach,33.7807912,-118.1681803,CA,0.3360644744562289,TRUE,0.43581356772643376,FALSE,risk,3
0644000,Los Angeles,34.0193936,-118.4108248,CA,1.1847159762531698,TRUE,0.43581356772643376,FALSE,risk,3
0644574,Lynwood,33.923959,-118.2016551,CA,-4.665973460609637,FALSE,0.43581356772643376,FALSE,origin,4
0645022,Madera,36.9657736,-120.0861597,CA,NA,NA,0.4432478050188504,TRUE,origin,4
0645484,Manteca,37.7928386,-121.2260765,CA,31.549118750000975,TRUE,0.4429912580254669,FALSE,risk,3
0646842,Menifee,33.6898575,-117.1843827,CA,40.97189250270616,TRUE,0.5136102975885942,FALSE,risk,3
0646898,Merced,37.305712,-120.4779051,CA,26.34428139643599,TRUE,0.4672476541664311,TRUE,destination,1
0647766,Milpitas,37.4331408,-121.8909237,CA,14.740502652383686,TRUE,0.35980747191158907,FALSE,risk,3
0648256,Mission Viejo,33.6093352,-117.656471,CA,-6.794710006424606,FALSE,0.5185496788599042,FALSE,origin,4
0648354,Modesto,37.6375332,-121.0030494,CA,10.815026998903974,TRUE,0.4368423731691901,TRUE,destination,1
0649270,Moreno Valley,33.9232527,-117.2056845,CA,9.522676465179162,TRUE,0.5136102975885942,FALSE,risk,3
0649670,Mountain View,37.399686,-122.0792687,CA,7.752209489517433,TRUE,0.35980747191158907,FALSE,risk,3
0650076,Murrieta,33.5721337,-117.1904442,CA,8.518654856983796,TRUE,0.5136102975885942,FALSE,risk,3
0650258,Napa,38.2978718,-122.3007407,CA,-0.03376222959934916,FALSE,0.41912948569531105,FALSE,origin,4
0651182,Newport Beach,33.597332,-117.890352,CA,-2.6870585763670043,FALSE,0.5185496788599042,FALSE,origin,4
0652526,Norwalk,33.9076003,-118.0834525,CA,-1.4717323934823634,FALSE,0.43581356772643376,FALSE,origin,4
0653000,Oakland,37.7698464,-122.22569,CA,12.020811439501337,TRUE,0.40334165296489743,FALSE,risk,3
0653322,Oceanside,33.2246006,-117.3062909,CA,6.757660820098655,TRUE,0.5111572000371594,FALSE,risk,3
0653896,Ontario,34.0376483,-117.6044326,CA,15.262278587939427,TRUE,0.4806327917401404,TRUE,destination,1
0653980,Orange,33.7869711,-117.8612654,CA,0.5903417565567525,TRUE,0.5185496788599042,FALSE,risk,3
0654652,Oxnard,34.1994364,-119.2075154,CA,-2.6672458320219112,FALSE,0.39431179139463257,FALSE,origin,4
0655156,Palmdale,34.5910383,-118.1054031,CA,9.02390539738575,TRUE,0.43581356772643376,FALSE,risk,3
0655282,Palo Alto,37.39652,-122.1430878,CA,-1.0057351147133309,FALSE,0.35980747191158907,FALSE,origin,4
0656000,Pasadena,34.1606016,-118.1379537,CA,-3.7785086074255934,FALSE,0.43581356772643376,FALSE,origin,4
0656700,Perris,33.7898494,-117.2221715,CA,19.828425944120912,TRUE,0.5136102975885942,FALSE,risk,3
0657456,Pittsburg,38.0167706,-121.8969477,CA,17.618193817236033,TRUE,0.38282867879948784,FALSE,risk,3
0657792,Pleasanton,37.6671852,-121.8812304,CA,0.7891305718887659,TRUE,0.40334165296489743,FALSE,risk,3
0658072,Pomona,34.0584937,-117.7610909,CA,1.7133319956679363,TRUE,0.43581356772643376,FALSE,risk,3
0659444,Rancho Cordova,38.5770789,-121.2361872,CA,24.751800855798145,TRUE,0.5001354665766918,FALSE,risk,3
0659451,Rancho Cucamonga,34.1303055,-117.5660665,CA,3.4624494109625914,TRUE,0.4806327917401404,TRUE,destination,1
0659920,Redding,40.5702768,-122.3667659,CA,6.098625273079811,TRUE,0.44522423785461784,TRUE,destination,1
0659962,Redlands,34.0535056,-117.1704758,CA,12.102678124029401,TRUE,0.4806327917401404,TRUE,destination,1
0660018,Redondo Beach,33.8495382,-118.400755,CA,0.38691064928678803,TRUE,0.43581356772643376,FALSE,risk,3
0660102,Redwood City,37.5152736,-122.2136716,CA,-1.8250061586883906,FALSE,0.30858149664843904,FALSE,origin,4
0660466,Rialto,34.1174193,-117.3892148,CA,5.39295235596926,TRUE,0.4806327917401404,TRUE,destination,1
0660620,Richmond,37.9522779,-122.360609,CA,9.850312041792314,TRUE,0.38282867879948784,FALSE,risk,3
0662000,Riverside,33.9381433,-117.3931676,CA,6.5766409732044595,TRUE,0.5136102975885942,FALSE,risk,3
0662364,Rocklin,38.8068681,-121.249696,CA,NA,NA,0.37138237718788336,TRUE,origin,4
0662938,Roseville,38.7702963,-121.3196342,CA,25.23943621646186,TRUE,0.37138237718788336,TRUE,destination,1
0664000,Sacramento,38.5676936,-121.4681605,CA,15.556479454388331,TRUE,0.5001354665766918,FALSE,risk,3
0664224,Salinas,36.6902168,-121.6337934,CA,4.536989590271384,TRUE,0.3039805668806345,FALSE,risk,3
0665000,San Bernardino,34.1411402,-117.2946349,CA,14.241629456675527,TRUE,0.4806327917401404,TRUE,destination,1
0665042,San Buenaventura (Ventura),34.2677796,-119.2542062,CA,3.037826520840687,TRUE,0.39431179139463257,FALSE,risk,3
0665084,San Clemente,33.4491433,-117.6131198,CA,NA,NA,0.5185496788599042,FALSE,origin,4
0666000,San Diego,32.814977,-117.1355615,CA,6.11984535131789,TRUE,0.5111572000371594,FALSE,risk,3
0667000,San Francisco,37.7272391,-123.0322294,CA,-3.01159657951884,FALSE,0.258234012652678,FALSE,origin,4
0668000,San Jose,37.2960112,-121.8145519,CA,0.5429404819658079,TRUE,0.35980747191158907,FALSE,risk,3
0668084,San Leandro,37.7033683,-122.163036,CA,-1.7916465017715415,FALSE,0.40334165296489743,FALSE,origin,4
0668196,San Marcos,33.1325674,-117.1698921,CA,9.11674099786618,TRUE,0.5111572000371594,FALSE,risk,3
0668252,San Mateo,37.5603104,-122.3106003,CA,1.9794960594921045,TRUE,0.30858149664843904,FALSE,risk,3
0668378,San Ramon,37.7652582,-121.9319874,CA,16.144689959250535,TRUE,0.38282867879948784,FALSE,risk,3
0669000,Santa Ana,33.7363317,-117.8828997,CA,-2.9767057766308036,FALSE,0.5185496788599042,FALSE,origin,4
0669070,Santa Barbara,34.4035918,-119.7137143,CA,-5.254627978564217,FALSE,0.3210074108230873,FALSE,origin,4
0669084,Santa Clara,37.3646207,-121.9679735,CA,13.714139343957804,TRUE,0.35980747191158907,FALSE,risk,3
0669088,Santa Clarita,34.416504,-118.5006927,CA,27.26764177025708,TRUE,0.43581356772643376,FALSE,risk,3
0669196,Santa Maria,34.9330764,-120.443559,CA,9.227484866747247,TRUE,0.3210074108230873,FALSE,risk,3
0670000,Santa Monica,34.0109107,-118.4982446,CA,-1.6770192796083168,FALSE,0.43581356772643376,FALSE,origin,4
0670098,Santa Rosa,38.4458238,-122.7061814,CA,5.336120861947741,TRUE,0.4199490851371847,FALSE,risk,3
0672016,Simi Valley,34.2668875,-118.7484575,CA,0.16750506309140067,TRUE,0.39431179139463257,FALSE,risk,3
0673080,South Gate,33.9441585,-118.1927614,CA,0.31935865403771047,TRUE,0.43581356772643376,FALSE,risk,3
0673262,South San Francisco,37.6551037,-122.3762341,CA,NA,NA,0.30858149664843904,FALSE,origin,4
0673430,South Whittier,33.9330802,-118.0307712,CA,NA,NA,0.43581356772643376,FALSE,origin,4
0675000,Stockton,37.9772431,-121.3088651,CA,14.905797603937906,TRUE,0.4429912580254669,FALSE,risk,3
0677000,Sunnyvale,37.385797,-122.0263165,CA,8.895120681919831,TRUE,0.35980747191158907,FALSE,risk,3
0678120,Temecula,33.4930728,-117.1317341,CA,9.03759632249924,TRUE,0.5136102975885942,FALSE,risk,3
0678582,Thousand Oaks,34.1932896,-118.874235,CA,-3.433825707628401,FALSE,0.39431179139463257,FALSE,origin,4
0680000,Torrance,33.8304529,-118.3566183,CA,-5.481536530739069,FALSE,0.43581356772643376,FALSE,origin,4
0680238,Tracy,37.7273956,-121.4521955,CA,19.939715340043357,TRUE,0.4429912580254669,FALSE,risk,3
0680644,Tulare,36.1993663,-119.3419206,CA,NA,NA,0.3960297302756595,TRUE,origin,4
0680812,Turlock,37.5055238,-120.8592694,CA,6.223994694807569,TRUE,0.4368423731691901,TRUE,destination,1
0680854,Tustin,33.7309198,-117.810599,CA,0.9403524090805253,TRUE,0.5185496788599042,FALSE,risk,3
0681204,Union City,37.6027593,-122.0188397,CA,-7.0988044630205165,FALSE,0.40334165296489743,FALSE,origin,4
0681344,Upland,34.1160732,-117.6599224,CA,8.288877523961055,TRUE,0.4806327917401404,TRUE,destination,1
0681554,Vacaville,38.3586211,-121.9686015,CA,11.396152571428622,TRUE,0.4881694974702552,FALSE,risk,3
0681666,Vallejo,38.1069086,-122.2623386,CA,7.047376828734521,TRUE,0.4881694974702552,FALSE,risk,3
0682590,Victorville,34.5277346,-117.3535789,CA,22.222018352782456,TRUE,0.4806327917401404,TRUE,destination,1
0682954,Visalia,36.3280297,-119.3285195,CA,18.101645987690254,TRUE,0.3960297302756595,TRUE,destination,1
0682996,Vista,33.1896834,-117.2385794,CA,6.5472751029694685,TRUE,0.5111572000371594,FALSE,risk,3
0683346,Walnut Creek,37.902666,-122.040479,CA,8.746674046564287,TRUE,0.38282867879948784,FALSE,risk,3
0684200,West Covina,34.0559412,-117.9099372,CA,1.478509418930631,TRUE,0.43581356772643376,FALSE,risk,3
0684550,Westminster,33.7522916,-117.9938679,CA,-0.3872528924428307,FALSE,0.5185496788599042,FALSE,origin,4
0685292,Whittier,33.9668274,-118.0201222,CA,-1.0653936150793526,FALSE,0.43581356772643376,FALSE,origin,4
0686832,Yorba Linda,33.8890375,-117.7720695,CA,2.760442078298966,TRUE,0.5185496788599042,FALSE,risk,3
0686972,Yuba City,39.129842,-121.6415485,CA,8.858103091727134,TRUE,0.4649714904983662,FALSE,risk,3
0803455,Arvada,39.8337279,-105.1503061,CO,12.178584531797746,TRUE,0.32707533665671196,TRUE,destination,1
0804000,Aurora,39.7036326,-104.720088,CO,19.022527483338173,TRUE,0.36844112396331385,TRUE,destination,1
0807850,Boulder,40.0244306,-105.251251,CO,0.4401867837131477,TRUE,0.39418345958016654,TRUE,destination,1
0809280,Broomfield,39.9535933,-105.0507868,CO,NA,NA,0.3850049300641499,TRUE,origin,4
0812415,Castle Rock,39.3761937,-104.8529224,CO,NA,NA,0.44822002534221567,TRUE,origin,4
0812815,Centennial,39.5908637,-104.8638076,CO,1.0106409439392596,TRUE,0.36844112396331385,TRUE,destination,1
0816000,Colorado Springs,38.8672553,-104.760749,CO,14.810705833706713,TRUE,0.4455082253784387,TRUE,destination,1
0816495,Commerce City,39.8827917,-104.7949081,CO,NA,NA,0.39327956932709573,TRUE,origin,4
0820000,Denver,39.7618502,-104.8811054,CO,14.749638176523842,TRUE,0.38193726378348936,TRUE,destination,1
0827425,Fort Collins,40.5482164,-105.0648327,CO,13.84888757062577,TRUE,0.37120578766924406,TRUE,destination,1
0831660,Grand Junction,39.0890618,-108.567452,CO,NA,NA,0.3559879067011408,TRUE,origin,4
0832155,Greeley,40.4140338,-104.7710426,CO,18.977125482203984,TRUE,0.41202751897668494,TRUE,destination,1
0836410,Highlands Ranch,39.5408294,-104.971077,CO,0.4316889961654917,TRUE,0.44822002534221567,TRUE,destination,1
0843000,Lakewood,39.6989385,-105.1175735,CO,11.035799130506508,TRUE,0.32707533665671196,TRUE,destination,1
0845970,Longmont,40.1698533,-105.101841,CO,12.923787550485427,TRUE,0.39418345958016654,TRUE,destination,1
0846465,Loveland,40.4169053,-105.0631107,CO,12.494642800934567,TRUE,0.37120578766924406,TRUE,destination,1
0862000,Pueblo,38.2692279,-104.6108157,CO,7.7679253700277835,TRUE,0.4481544082236649,TRUE,destination,1
0877290,Thornton,39.920433,-104.9414128,CO,17.991589038792355,TRUE,0.39327956932709573,TRUE,destination,1
0883835,Westminster,39.8801223,-105.0615135,CO,8.171251864593646,TRUE,0.39327956932709573,TRUE,destination,1
0908000,Bridgeport,41.1873933,-73.1957567,CT,3.6020417881203124,TRUE,0.4796287000852127,FALSE,risk,3
0918430,Danbury,41.3987408,-73.4781032,CT,4.436924159715103,TRUE,0.4796287000852127,FALSE,risk,3
0937000,Hartford,41.7659331,-72.6815789,CT,-0.5675919731336299,FALSE,0.4654594267152208,TRUE,opportunity,2
0950370,New Britain,41.6765545,-72.7861613,CT,7.097619275413129,TRUE,0.4654594267152208,TRUE,destination,1
0952000,New Haven,41.3108088,-72.924953,CT,8.027432930131468,TRUE,0.47795780427099077,FALSE,risk,3
0955990,Norwalk,41.0927388,-73.4197955,CT,6.469070074663792,TRUE,0.4796287000852127,FALSE,risk,3
0973000,Stamford,41.0796114,-73.5460803,CT,9.543044575461082,TRUE,0.4796287000852127,FALSE,risk,3
0980000,Waterbury,41.5585001,-73.0366845,CT,3.49421030575267,TRUE,0.47795780427099077,FALSE,risk,3
1077580,Wilmington,39.7356508,-75.5321041,DE,7.009433731054992,TRUE,0.5944998824657124,FALSE,risk,3
1150000,Washington,38.9042474,-77.0165167,DC,8.219519765181628,TRUE,0.48216581830661664,FALSE,risk,3
1200410,Alafaya,28.5283727,-81.1857451,FL,26.111137430702655,TRUE,0.4607411221069558,TRUE,destination,1
1207300,Boca Raton,26.3726899,-80.103711,FL,10.495001844501079,TRUE,0.5081486520808247,FALSE,risk,3
1207875,Boynton Beach,26.5283343,-80.080722,FL,14.559534221092242,TRUE,0.5081486520808247,FALSE,risk,3
1208150,Brandon,27.9359851,-82.2992552,FL,2.849466110629143,TRUE,0.5685371264778304,FALSE,risk,3
1210275,Cape Coral,26.6431921,-81.9973643,FL,40.52120985507173,TRUE,0.5816372345365274,FALSE,risk,3
1212875,Clearwater,27.9794192,-82.7712562,FL,9.853522659903028,TRUE,0.5457913163714563,FALSE,risk,3
1214400,Coral Springs,26.2707217,-80.2593014,FL,8.975699940142817,TRUE,0.5264819509909313,FALSE,risk,3
1216475,Davie,26.0791688,-80.2830133,FL,13.499656175430571,TRUE,0.5264819509909313,FALSE,risk,3
1216525,Daytona Beach,29.1907103,-81.0970829,FL,NA,NA,0.5632867270481372,FALSE,origin,4
1216725,Deerfield Beach,26.3117158,-80.1253778,FL,15.883948722743648,TRUE,0.5264819509909313,FALSE,risk,3
1217100,Delray Beach,26.455903,-80.0904197,FL,NA,NA,0.5081486520808247,FALSE,origin,4
1217200,Deltona,28.9051205,-81.2109776,FL,23.52295716429314,TRUE,0.5632867270481372,FALSE,risk,3
1217935,Doral,25.815956,-80.3575565,FL,NA,NA,0.5800068751712171,FALSE,origin,4
1224000,Fort Lauderdale,26.1412269,-80.1467315,FL,8.93264951567707,TRUE,0.5264819509909313,FALSE,risk,3
1224125,Fort Myers,26.6200745,-81.8295466,FL,55.40762454701637,TRUE,0.5816372345365274,FALSE,risk,3
1224581,Four Corners,28.333179,-81.647492,FL,NA,NA,0.5192205949262296,FALSE,origin,4
1225175,Gainesville,29.6795366,-82.3467929,FL,18.42658003983788,TRUE,0.4895611749315955,TRUE,destination,1
1230000,Hialeah,25.8699408,-80.302865,FL,2.068081039405575,TRUE,0.5800068751712171,FALSE,risk,3
1232000,Hollywood,26.0309669,-80.1646092,FL,6.005334075395246,TRUE,0.5264819509909313,FALSE,risk,3
1232275,Homestead,25.4663256,-80.4430457,FL,NA,NA,0.5800068751712171,FALSE,origin,4
1232610,Horizon West,28.4402198,-81.6134493,FL,NA,NA,0.4607411221069558,TRUE,origin,4
1235000,Jacksonville,30.3368643,-81.6616028,FL,19.50555283880741,TRUE,0.5749823091579733,FALSE,risk,3
1236100,Kendall,25.669538,-80.3547406,FL,4.8207972211624295,TRUE,0.5800068751712171,FALSE,risk,3
1236950,Kissimmee,28.3027795,-81.4178309,FL,25.62033967369643,TRUE,0.5192205949262296,FALSE,risk,3
1238250,Lakeland,28.0554961,-81.9547721,FL,29.017862617891723,TRUE,0.5612328473593208,FALSE,risk,3
1239425,Largo,27.9059126,-82.7672365,FL,6.711053719405147,TRUE,0.5457913163714563,FALSE,risk,3
1239550,Lauderhill,26.1622251,-80.2244338,FL,7.636405469885048,TRUE,0.5264819509909313,FALSE,risk,3
1239925,Lehigh Acres,26.6126953,-81.6388451,FL,11.878542233131103,TRUE,0.5816372345365274,FALSE,risk,3
1243975,Melbourne,28.110438,-80.6627169,FL,16.081784185336677,TRUE,0.5053011852356031,FALSE,risk,3
1245000,Miami,25.775163,-80.2086152,FL,15.26369501277253,TRUE,0.5800068751712171,FALSE,risk,3
1245025,Miami Beach,25.8105959,-80.1488517,FL,-13.859124304221455,FALSE,0.5800068751712171,FALSE,origin,4
1245060,Miami Gardens,25.948892,-80.2435855,FL,0.6456091296993791,TRUE,0.5800068751712171,FALSE,risk,3
1245975,Miramar,25.9725289,-80.3385818,FL,6.481384662230898,TRUE,0.5264819509909313,FALSE,risk,3
1249675,North Port,27.0581655,-82.1980437,FL,NA,NA,0.5364137328974429,FALSE,origin,4
1250750,Ocala,29.1775097,-82.1510252,FL,NA,NA,0.581471215041806,FALSE,origin,4
1253000,Orlando,28.4086497,-81.2548051,FL,28.198886687939627,TRUE,0.4607411221069558,TRUE,destination,1
1254000,Palm Bay,27.9648903,-80.6582752,FL,32.19001229532686,TRUE,0.5053011852356031,FALSE,risk,3
1254200,Palm Coast,29.5368365,-81.242627,FL,34.96398185184851,TRUE,0.5414160557727169,FALSE,risk,3
1254350,Palm Harbor,28.08477,-82.7575692,FL,NA,NA,0.5457913163714563,FALSE,origin,4
1255775,Pembroke Pines,26.0147158,-80.3401706,FL,10.009633978083883,TRUE,0.5264819509909313,FALSE,risk,3
1256825,Pine Hills,28.5818015,-81.4695358,FL,18.75351850958839,TRUE,0.4607411221069558,TRUE,destination,1
1257425,Plantation,26.1255726,-80.2618178,FL,10.26114199590434,TRUE,0.5264819509909313,FALSE,risk,3
1257900,Poinciana,28.1187292,-81.479234,FL,NA,NA,0.5612328473593208,FALSE,origin,4
1258050,Pompano Beach,26.2416215,-80.1338515,FL,16.079978692965703,TRUE,0.5264819509909313,FALSE,risk,3
1258350,Port Charlotte,26.9894666,-82.1136511,FL,NA,NA,0.5049848977156292,FALSE,origin,4
1258575,Port Orange,29.1134441,-81.0132233,FL,NA,NA,0.5632867270481372,FALSE,origin,4
1258715,Port St. Lucie,27.2805537,-80.3882609,FL,46.38320217229898,TRUE,0.5607187233709942,FALSE,risk,3
1260950,Riverview,27.8242746,-82.3044864,FL,62.624274686674624,TRUE,0.5685371264778304,FALSE,risk,3
1262625,St. Cloud,28.2352253,-81.283958,FL,NA,NA,0.5192205949262296,FALSE,origin,4
1263000,St. Petersburg,27.7627269,-82.6441305,FL,7.950754400974821,TRUE,0.5457913163714563,FALSE,risk,3
1263650,Sanford,28.7894252,-81.275624,FL,NA,NA,0.5157912738026789,FALSE,origin,4
1268350,Spring Hill,28.479207,-82.5296584,FL,30.69423865801427,TRUE,0.5456891290630254,FALSE,risk,3
1269700,Sunrise,26.171601,-80.2616325,FL,12.993630023798378,TRUE,0.5264819509909313,FALSE,risk,3
1270600,Tallahassee,30.4535287,-84.2522719,FL,12.398273422564351,TRUE,0.5426111261913139,FALSE,risk,3
1270675,Tamarac,26.2032978,-80.2560318,FL,NA,NA,0.5264819509909313,FALSE,origin,4
1271000,Tampa,27.9662622,-82.4776179,FL,19.391138194296346,TRUE,0.5685371264778304,FALSE,risk,3
1271625,The Villages,28.8989467,-81.9937368,FL,NA,NA,0.5186945408071428,FALSE,origin,4
1272145,Town 'n' Country,28.0102276,-82.5771669,FL,2.995042976220621,TRUE,0.5685371264778304,FALSE,risk,3
1275875,Wesley Chapel,28.2052468,-82.317108,FL,NA,NA,0.5741165320840298,FALSE,origin,4
1276582,Weston,26.1003909,-80.4020594,FL,4.272856966992484,TRUE,0.5264819509909313,FALSE,risk,3
1276600,West Palm Beach,26.7451143,-80.1270377,FL,25.0242774983209,TRUE,0.5081486520808247,FALSE,risk,3
1301052,Albany,31.5781167,-84.1762242,GA,-8.506153593188243,FALSE,0.6598584716898193,FALSE,origin,4
1301696,Alpharetta,34.0708663,-84.2726498,GA,NA,NA,0.6698335953791372,FALSE,origin,4
1303440,Athens-Clarke County unified government (balance),33.9495967,-83.3700882,GA,11.46806318428895,TRUE,0.6340316591880323,FALSE,risk,3
1304000,Atlanta,33.7629088,-84.4226745,GA,20.287149356342802,TRUE,0.6698335953791372,FALSE,risk,3
1304204,Augusta-Richmond County consolidated government (balance),33.3655309,-82.0734218,GA,9.158792400333637,TRUE,0.7068997267306097,FALSE,risk,3
1319000,Columbus,32.510197,-84.874946,GA,2.720731133480138,TRUE,0.7056360863024316,FALSE,risk,3
1342425,Johns Creek,34.032739,-84.2038476,GA,-0.2547049934630612,FALSE,0.6698335953791372,FALSE,origin,4
1349000,Macon,32.8309533,-83.6489181,GA,NA,NA,0.7490150898996777,FALSE,origin,4
1349008,Macon-Bibb County,32.8088446,-83.6941941,GA,NA,NA,0.7490150898996777,FALSE,origin,4
1367284,Roswell,34.039453,-84.3509459,GA,-0.7520183091266348,FALSE,0.6698335953791372,FALSE,origin,4
1368516,Sandy Springs,33.9315017,-84.3688886,GA,11.476820846552423,TRUE,0.6698335953791372,FALSE,risk,3
1369000,Savannah,32.0180425,-81.1964916,GA,10.069863689572582,TRUE,0.7010126294861474,FALSE,risk,3
1372122,South Fulton,33.6357201,-84.5834167,GA,NA,NA,0.6698335953791372,FALSE,origin,4
1380508,Warner Robins,32.5970961,-83.653936,GA,19.4845036561174,TRUE,0.706270278118171,FALSE,risk,3
1571550,Urban Honolulu,21.324347,-157.8476402,HI,1.2291198506852148,TRUE,0.3052190150948374,FALSE,risk,3
1608830,Boise City,43.6002293,-116.2316555,ID,11.645695983596916,TRUE,0.38065389927647103,TRUE,destination,1
1612250,Caldwell,43.6458804,-116.6593359,ID,NA,NA,0.35942337427398097,TRUE,origin,4
1639700,Idaho Falls,43.4888512,-112.0362973,ID,NA,NA,0.2877199651010513,TRUE,origin,4
1652120,Meridian,43.61149,-116.4006622,ID,65.64094487198956,TRUE,0.38065389927647103,TRUE,destination,1
1656260,Nampa,43.585541,-116.5656313,ID,43.94595865774467,TRUE,0.35942337427398097,TRUE,destination,1
1702154,Arlington Heights,42.0973621,-87.9816706,IL,2.0713544370091443,TRUE,0.41148846821691043,TRUE,destination,1
1703012,Aurora,41.763455,-88.290099,IL,-7.987557049006341,FALSE,0.38765507693309176,TRUE,opportunity,2
1706613,Bloomington,40.4757767,-88.9699117,IL,-0.5402128111177336,FALSE,0.39581710268440684,TRUE,opportunity,2
1707133,Bolingbrook,41.6880624,-88.1009649,IL,8.213831410988318,TRUE,0.42044038084872404,TRUE,destination,1
1712385,Champaign,40.1140991,-88.274619,IL,6.495548859922634,TRUE,0.372025243236523,TRUE,destination,1
1714000,Chicago,41.8370453,-87.6849386,IL,2.2715936240313694,TRUE,0.41148846821691043,TRUE,destination,1
1714351,Cicero,41.8445373,-87.7592899,IL,7.458755871133927,TRUE,0.41148846821691043,TRUE,destination,1
1718823,Decatur,39.8559828,-88.9337462,IL,-9.38796702839625,FALSE,0.4348667826942114,TRUE,opportunity,2
1723074,Elgin,42.0389632,-88.3256714,IL,11.158131859968115,TRUE,0.38765507693309176,TRUE,destination,1
1724582,Evanston,42.0463909,-87.6943525,IL,-1.3082293311459519,FALSE,0.41148846821691043,TRUE,opportunity,2
1738570,Joliet,41.5177005,-88.1488463,IL,4.215390900451961,TRUE,0.42044038084872404,TRUE,destination,1
1751622,Naperville,41.7491725,-88.162019,IL,6.346762249910087,TRUE,0.3955249746185876,TRUE,destination,1
1757225,Palatine,42.1164671,-88.0443611,IL,-3.0577213280900666,FALSE,0.41148846821691043,TRUE,opportunity,2
1759000,Peoria,40.7516409,-89.6171976,IL,-2.442187605249355,FALSE,0.38866878792944315,TRUE,opportunity,2
1765000,Rockford,42.2588357,-89.0645531,IL,-1.7536412812548168,FALSE,0.4401669178642913,TRUE,opportunity,2
1768003,Schaumburg,42.0288995,-88.0837735,IL,-2.710251296609006,FALSE,0.41148846821691043,TRUE,opportunity,2
1770122,Skokie,42.0359704,-87.7399938,IL,0.5214647029854201,TRUE,0.41148846821691043,TRUE,destination,1
1772000,Springfield,39.7910628,-89.644572,IL,-3.111971711472301,FALSE,0.4472610288353568,TRUE,opportunity,2
1779293,Waukegan,42.3694469,-87.8708984,IL,0.7785136919499559,TRUE,0.4216541789960575,TRUE,destination,1
1805860,Bloomington,39.1637003,-86.5242642,IN,-7.253415515481009,FALSE,0.419701851925949,TRUE,opportunity,2
1810342,Carmel,39.9654794,-86.1483688,IN,25.29858352354924,TRUE,0.3816153429712684,TRUE,destination,1
1822000,Evansville,37.9877366,-87.5347053,IN,-0.11501275728220595,FALSE,0.45207625323503187,TRUE,opportunity,2
1823278,Fishers,39.96183,-85.9683642,IN,NA,NA,0.3816153429712684,TRUE,origin,4
1825000,Fort Wayne,41.0891325,-85.1438998,IN,10.953490850243297,TRUE,0.37213130208349815,TRUE,destination,1
1827000,Gary,41.5907404,-87.3471127,IN,-5.378742039962686,FALSE,0.38075588152982404,TRUE,opportunity,2
1831000,Hammond,41.6187358,-87.4949488,IN,-3.59106588161725,FALSE,0.38075588152982404,TRUE,opportunity,2
1836003,Indianapolis city (balance),39.7766644,-86.1459355,IN,7.53947047425594,TRUE,0.38035370233714083,TRUE,destination,1
1840788,Lafayette,40.3994104,-86.8628062,IN,-4.095178694576285,FALSE,0.3749463665585583,TRUE,opportunity,2
1851876,Muncie,40.1988257,-85.3950595,IN,-5.614622001872968,FALSE,0.3924057142411149,TRUE,opportunity,2
1854180,Noblesville,40.0352991,-86.0001634,IN,NA,NA,0.3816153429712684,TRUE,origin,4
1871000,South Bend,41.6766433,-86.2688089,IN,2.3585749668756177,TRUE,0.36719985895993745,TRUE,destination,1
1901855,Ames,42.0263267,-93.6212645,IA,NA,NA,0.34996998810570223,TRUE,origin,4
1902305,Ankeny,41.7301714,-93.6025104,IA,NA,NA,0.3391934624604906,TRUE,origin,4
1912000,Cedar Rapids,41.9658502,-91.6789007,IA,5.351616729790491,TRUE,0.34834655108609014,TRUE,destination,1
1919000,Davenport,41.5568204,-90.6039479,IA,1.3789663595630057,TRUE,0.36125160570097514,TRUE,destination,1
1921000,Des Moines,41.5725898,-93.6102428,IA,3.549068270015401,TRUE,0.3391934624604906,TRUE,destination,1
1938595,Iowa City,41.6556613,-91.5308588,IA,5.661560329866056,TRUE,0.31643353280674014,TRUE,destination,1
1973335,Sioux City,42.4952897,-96.3898583,IA,3.493265733279868,TRUE,0.3028714430329709,TRUE,destination,1
1982425,Waterloo,42.4923267,-92.3519473,IA,-2.217021616696471,FALSE,0.3871259972123884,TRUE,opportunity,2
1983910,West Des Moines,41.5499371,-93.7813514,IA,NA,NA,0.3391934624604906,TRUE,origin,4
2036000,Kansas City,39.1225389,-94.7417813,KS,4.027298540132388,TRUE,0.3431534989126617,TRUE,destination,1
2038900,Lawrence,38.9600294,-95.26293,KS,3.289054824430337,TRUE,0.32254446359247624,TRUE,destination,1
2052575,Olathe,38.8820305,-94.8200535,KS,13.033392346035209,TRUE,0.31740481368105766,TRUE,destination,1
2053775,Overland Park,38.8890422,-94.6905839,KS,9.435762606747153,TRUE,0.31740481368105766,TRUE,destination,1
2064500,Shawnee,39.0174878,-94.8058011,KS,NA,NA,0.31740481368105766,TRUE,origin,4
2071000,Topeka,39.03468,-95.6948251,KS,0.03454112919792118,TRUE,0.35121352703097863,TRUE,destination,1
2079000,Wichita,37.6906377,-97.3458362,KS,5.217839104458638,TRUE,0.3407756364058222,TRUE,destination,1
2108902,Bowling Green,36.9756529,-86.4359624,KY,NA,NA,0.6306218993095835,FALSE,origin,4
2146027,Lexington-Fayette,38.0406777,-84.4582721,KY,5.59986011818312,TRUE,0.7316842993787257,FALSE,risk,3
2148006,Louisville/Jefferson County metro government (balance),38.1653759,-85.6473774,KY,2.7973078477124558,TRUE,0.6732989158720627,FALSE,risk,3
2205000,Baton Rouge,30.4404433,-91.1331665,LA,-4.326873654218857,FALSE,0.7001316115767802,FALSE,origin,4
2208920,Bossier City,32.5236739,-93.6554258,LA,NA,NA,0.618484126846607,FALSE,origin,4
2239475,Kenner,30.0102272,-90.2548196,LA,-9.151453039719948,FALSE,0.6419353896789075,FALSE,origin,4
2240735,Lafayette,30.2056,-92.028058,LA,-2.568907146939153,FALSE,0.5599462462838887,FALSE,origin,4
2241155,Lake Charles,30.19902,-93.2108352,LA,11.359236959475279,TRUE,0.6995333610333816,FALSE,risk,3
2250115,Metairie,29.997837,-90.1777808,LA,-4.552361465107773,FALSE,0.6419353896789075,FALSE,origin,4
2255000,New Orleans,30.0534195,-89.9345018,LA,-2.4325209960131997,FALSE,0.6715275486537062,FALSE,origin,4
2270000,Shreveport,32.466879,-93.792193,LA,-11.564294017690656,FALSE,0.6292987836031785,FALSE,origin,4
2360545,Portland,43.6331574,-70.1853051,ME,10.526882361168141,TRUE,0.3590441898631481,FALSE,risk,3
2404000,Baltimore,39.3000324,-76.6104761,MD,-5.9895304138858885,FALSE,0.6310004582700948,FALSE,origin,4
2407125,Bethesda,38.9872924,-77.1186117,MD,7.817857259147202,TRUE,0.5822269757189745,FALSE,risk,3
2419125,Columbia,39.201146,-76.8590498,MD,-2.8651753179257833,FALSE,0.5855084460805782,FALSE,origin,4
2426000,Ellicott City,39.2766912,-76.8339522,MD,3.8958772469676286,TRUE,0.5855084460805782,FALSE,risk,3
2430325,Frederick,39.4340892,-77.4145385,MD,29.39473871141473,TRUE,0.6183944404059183,FALSE,risk,3
2431175,Gaithersburg,39.148601,-77.1951314,MD,6.6680732314390525,TRUE,0.5822269757189745,FALSE,risk,3
2432025,Germantown,39.1742524,-77.2637543,MD,2.752083762951072,TRUE,0.5822269757189745,FALSE,risk,3
2432650,Glen Burnie,39.1562712,-76.6069956,MD,20.170932024054522,TRUE,0.573139034014638,FALSE,risk,3
2467675,Rockville,39.0836661,-77.1555855,MD,NA,NA,0.5822269757189745,FALSE,origin,4
2472450,Silver Spring,39.0024409,-77.0207908,MD,13.18516430442602,TRUE,0.5822269757189745,FALSE,risk,3
2481175,Waldorf,38.609172,-76.919776,MD,15.799423157708068,TRUE,0.5998287648932514,FALSE,risk,3
2507000,Boston,42.3385513,-71.018253,MA,4.2494599170466945,TRUE,0.5878374008634752,FALSE,risk,3
2509000,Brockton,42.082543,-71.0246378,MA,13.308577529109208,TRUE,0.5152392946342625,FALSE,risk,3
2511000,Cambridge,42.3760428,-71.1186798,MA,12.039949759933972,TRUE,0.5414614596225537,FALSE,risk,3
2523000,Fall River,41.7253505,-71.0941619,MA,13.341995905192771,TRUE,0.46009226530355085,FALSE,risk,3
2524960,Framingham,42.3079052,-71.4361957,MA,NA,NA,0.5414614596225537,FALSE,origin,4
2529405,Haverhill,42.7829453,-71.0874356,MA,NA,NA,0.5670298231016244,FALSE,origin,4
2534550,Lawrence,42.7002733,-71.1613574,MA,20.76810279395309,TRUE,0.5670298231016244,FALSE,risk,3
2537000,Lowell,42.6389955,-71.3210199,MA,9.449266087527231,TRUE,0.5414614596225537,FALSE,risk,3
2537490,Lynn,42.4747664,-70.9620346,MA,12.435523462145241,TRUE,0.5670298231016244,FALSE,risk,3
2537875,Malden,42.4293799,-71.0587065,MA,NA,NA,0.5414614596225537,FALSE,origin,4
2545000,New Bedford,41.6613028,-70.9379126,MA,7.107734613161167,TRUE,0.46009226530355085,FALSE,risk,3
2545560,Newton,42.3317684,-71.2083997,MA,2.0523334035418443,TRUE,0.5414614596225537,FALSE,risk,3
2555745,Quincy,42.2610059,-71.0089876,MA,10.474865425952743,TRUE,0.5683505235680708,FALSE,risk,3
2562535,Somerville,42.3904453,-71.1010331,MA,6.477330660855268,TRUE,0.5414614596225537,FALSE,risk,3
2567000,Springfield,42.115454,-72.5399783,MA,1.6743987606537767,TRUE,0.4413663525397439,TRUE,destination,1
2582000,Worcester,42.2694781,-71.8077831,MA,16.23172294543963,TRUE,0.4221666436604119,TRUE,destination,1
2603000,Ann Arbor,42.2761471,-83.7308596,MI,2.8581414088390735,TRUE,0.30611253482382184,TRUE,destination,1
2621000,Dearborn,42.3130574,-83.2114879,MI,13.522482611763927,TRUE,0.26944057510922326,TRUE,destination,1
2622000,Detroit,42.3830375,-83.1022365,MI,-1.3624189438402912,FALSE,0.26944057510922326,TRUE,opportunity,2
2627440,Farmington Hills,42.4856479,-83.3759608,MI,2.0186945289731995,TRUE,0.31078187727824974,TRUE,destination,1
2629000,Flint,43.0244204,-83.6919715,MI,-12.751858505815079,FALSE,0.26408837425525294,TRUE,opportunity,2
2634000,Grand Rapids,42.961156,-85.6555701,MI,7.815133418713343,TRUE,0.28825394303402707,TRUE,destination,1
2642160,Kalamazoo,42.2751635,-85.5885011,MI,2.6736829826479473,TRUE,0.31715063336381344,TRUE,destination,1
2646000,Lansing,42.7143412,-84.5608887,MI,4.951263890043387,TRUE,0.22821830663871462,TRUE,destination,1
2649000,Livonia,42.3971831,-83.3723195,MI,-2.2670210587151147,FALSE,0.26944057510922326,TRUE,opportunity,2
2659440,Novi,42.4784943,-83.4868245,MI,NA,NA,0.31078187727824974,TRUE,origin,4
2669035,Rochester Hills,42.6634835,-83.1591955,MI,4.49480037286519,TRUE,0.31078187727824974,TRUE,destination,1
2674900,Southfield,42.4746398,-83.259509,MI,8.443070486307343,TRUE,0.31078187727824974,TRUE,destination,1
2676460,Sterling Heights,42.5812062,-83.0303162,MI,3.074832313286003,TRUE,0.2361240137772861,TRUE,destination,1
2680700,Troy,42.5838824,-83.1455329,MI,9.259841397891993,TRUE,0.31078187727824974,TRUE,destination,1
2684000,Warren,42.4929044,-83.0250007,MI,4.659125078402187,TRUE,0.2361240137772861,TRUE,destination,1
2686000,Westland,42.3191725,-83.3807781,MI,1.3562261242544065,TRUE,0.26944057510922326,TRUE,destination,1
2688940,Wyoming,42.8903169,-85.7067332,MI,5.696460227445639,TRUE,0.28825394303402707,TRUE,destination,1
2706382,Blaine,45.1705151,-93.2060892,MN,NA,NA,0.37141861527040054,TRUE,origin,4
2706616,Bloomington,44.8296656,-93.315217,MN,2.318452494005214,TRUE,0.33959133276436027,TRUE,destination,1
2707966,Brooklyn Park,45.110906,-93.3490876,MN,5.689893334917492,TRUE,0.33959133276436027,TRUE,destination,1
2717000,Duluth,46.7744583,-92.1341347,MN,5.032071099481087,TRUE,0.22410143022050785,TRUE,destination,1
2717288,Eagan,44.8152168,-93.1628158,MN,1.8453694362516728,TRUE,0.3275637455159255,TRUE,destination,1
2735180,Lakeville,44.6761337,-93.2517433,MN,NA,NA,0.3275637455159255,TRUE,origin,4
2740166,Maple Grove,45.1127644,-93.462975,MN,13.528649421173249,TRUE,0.33959133276436027,TRUE,destination,1
2743000,Minneapolis,44.9633242,-93.2683198,MN,9.095748977056378,TRUE,0.33959133276436027,TRUE,destination,1
2751730,Plymouth,45.022312,-93.4628826,MN,5.267822972174379,TRUE,0.33959133276436027,TRUE,destination,1
2754880,Rochester,44.0142994,-92.4785919,MN,11.235550608379844,TRUE,0.34628497100661415,TRUE,destination,1
2756896,St. Cloud,45.5266578,-94.1710067,MN,-2.324977673841143,FALSE,0.35007987334018775,TRUE,opportunity,2
2758000,St. Paul,44.948901,-93.1040631,MN,5.7655476765644895,TRUE,0.3150440745428352,TRUE,destination,1
2771428,Woodbury,44.9062835,-92.9237025,MN,22.483414357546867,TRUE,0.3499541312065548,TRUE,destination,1
2829700,Gulfport,30.4194872,-89.069022,MS,-0.19694916279652674,FALSE,0.7202643644747851,FALSE,origin,4
2836000,Jackson,32.315834,-90.2128502,MS,-14.693001171547357,FALSE,0.6185005473551711,FALSE,origin,4
2915670,Columbia,38.9472896,-92.3263872,MO,10.003191038448731,TRUE,0.34161090511628,TRUE,destination,1
2935000,Independence,39.0854691,-94.3520821,MO,3.2076602064744453,TRUE,0.35087865738054014,TRUE,destination,1
2938000,Kansas City,39.1223613,-94.5551167,MO,11.904620935511176,TRUE,0.35087865738054014,TRUE,destination,1
2941348,Lee's Summit,38.9216011,-94.3847631,MO,13.978237096590528,TRUE,0.35087865738054014,TRUE,destination,1
2954074,O'Fallon,38.7846738,-90.7207379,MO,15.68247760338916,TRUE,0.36302746950339554,TRUE,destination,1
2964082,St. Charles,38.7957023,-90.5153643,MO,8.050203021543071,TRUE,0.36302746950339554,TRUE,destination,1
2964550,St. Joseph,39.7594602,-94.8211427,MO,-8.542085212133241,FALSE,0.4058458709980749,TRUE,opportunity,2
2965000,St. Louis,38.6356988,-90.2445816,MO,-6.2948103618741404,FALSE,0.34864267300475704,TRUE,opportunity,2
2970000,Springfield,37.194157,-93.2926423,MO,7.396540466526643,TRUE,0.4324654087474743,TRUE,destination,1
3006550,Billings,45.7885384,-108.55247490000001,MT,11.6294482097415,TRUE,0.35550157110054953,TRUE,destination,1
3050200,Missoula,46.8743587,-114.0261362,MT,15.271904890833234,TRUE,0.39534322350266976,TRUE,destination,1
3128000,Lincoln,40.808943,-96.6778954,NE,9.892619921823284,TRUE,0.2588165625177053,TRUE,destination,1
3137000,Omaha,41.2627048,-96.0534745,NE,12.635031782134519,TRUE,0.2872744765237434,TRUE,destination,1
3223770,Enterprise,36.009143,-115.2278241,NV,107.15676223808376,TRUE,0.3198846155019648,TRUE,destination,1
3231900,Henderson,36.0089583,-115.0267996,NV,25.188847504425613,TRUE,0.3198846155019648,TRUE,destination,1
3240000,Las Vegas,36.2334989,-115.2640367,NV,12.851289299654335,TRUE,0.3198846155019648,TRUE,destination,1
3251800,North Las Vegas,36.2898651,-115.0891808,NV,30.212796829007544,TRUE,0.3198846155019648,TRUE,destination,1
3254600,Paradise,36.0871482,-115.1355187,NV,-20.47179830130627,FALSE,0.3198846155019648,TRUE,opportunity,2
3260600,Reno,39.549097,-119.8499069,NV,21.00482013227915,TRUE,0.3271034437453694,TRUE,destination,1
3268400,Sparks,39.5743408,-119.7151535,NV,23.198119939845675,TRUE,0.3271034437453694,TRUE,destination,1
3268585,Spring Valley,36.0951781,-115.26360940000001,NV,8.175454562874405,TRUE,0.3198846155019648,TRUE,destination,1
3271400,Sunrise Manor,36.1783376,-115.048722,NV,19.423854790717492,TRUE,0.3198846155019648,TRUE,destination,1
3345140,Manchester,42.9849406,-71.4441315,NH,10.261580855241526,TRUE,0.35549932160901093,TRUE,destination,1
3350260,Nashua,42.7490744,-71.4905435,NH,9.005973635288878,TRUE,0.35549932160901093,TRUE,destination,1
3403580,Bayonne,40.6624946,-74.1102012,NJ,10.136901780974348,TRUE,0.5969282764781904,FALSE,risk,3
3410000,Camden,39.9367868,-75.1066438,NJ,4.907249771277518,TRUE,0.6182636077451182,FALSE,risk,3
3413690,Clifton,40.8621369,-74.1603932,NJ,4.071813584909643,TRUE,0.6002102353446865,FALSE,risk,3
3419390,East Orange,40.7650548,-74.2116548,NJ,10.336628483637547,TRUE,0.6097755870243536,FALSE,risk,3
3421000,Elizabeth,40.6663673,-74.1935028,NJ,8.870254051869075,TRUE,0.5949512968968184,FALSE,risk,3
3436000,Jersey City,40.7114174,-74.0647599,NJ,17.540243970705653,TRUE,0.5969282764781904,FALSE,risk,3
3438580,Lakewood,40.0939748,-74.2114777,NJ,NA,NA,0.6822065728403329,FALSE,origin,4
3451000,Newark,40.7242204,-74.1725735,NJ,14.68442513871738,TRUE,0.6097755870243536,FALSE,risk,3
3456550,Passaic,40.8575524,-74.1290888,NJ,1.8104955026424032,TRUE,0.6002102353446865,FALSE,risk,3
3457000,Paterson,40.9147662,-74.1628291,NJ,12.979501683255325,TRUE,0.6002102353446865,FALSE,risk,3
3473110,Toms River,39.994856,-74.1877537,NJ,5.938092575563162,TRUE,0.6822065728403329,FALSE,risk,3
3474000,Trenton,40.2238406,-74.7636236,NJ,5.929922909403794,TRUE,0.6349667318145935,FALSE,risk,3
3474630,Union City,40.7674246,-74.0322786,NJ,-0.9660538605873561,FALSE,0.5969282764781904,FALSE,origin,4
3502000,Albuquerque,35.1047797,-106.6468093,NM,2.901331762994719,TRUE,0.48593919191268187,TRUE,destination,1
3539380,Las Cruces,32.3264441,-106.7896951,NM,15.659922237516334,TRUE,0.49995107242281467,FALSE,risk,3
3563460,Rio Rancho,35.2850704,-106.6988665,NM,23.793981420017836,TRUE,0.448547785996648,TRUE,destination,1
3570500,Santa Fe,35.6619812,-105.9818147,NM,29.48523875391998,TRUE,0.47266377646749735,TRUE,destination,1
3601000,Albany,42.6657453,-73.7983532,NY,5.267645595897513,TRUE,0.44727246136536336,FALSE,risk,3
3611000,Buffalo,42.8924919,-78.8596862,NY,9.060843292777585,TRUE,0.3434265347909088,TRUE,destination,1
3615000,Cheektowaga,42.9090045,-78.7507627,NY,3.2535236077941887,TRUE,0.3434265347909088,TRUE,destination,1
3649121,Mount Vernon,40.9131051,-73.8293172,NY,5.85233341332896,TRUE,0.46955889624747527,FALSE,risk,3
3650617,New Rochelle,40.9232433,-73.7793439,NY,9.976044004184862,TRUE,0.46955889624747527,FALSE,risk,3
3651000,New York,40.6627117,-73.9386769,NY,0.09630359106283914,TRUE,0.511729925979422,FALSE,risk,3
3663000,Rochester,43.1699272,-77.6168907,NY,3.1284352930570316,TRUE,0.35202273135817735,TRUE,destination,1
3665508,Schenectady,42.8026407,-73.9271999,NY,2.3844931478634384,TRUE,0.3799327930686553,TRUE,destination,1
3673000,Syracuse,43.0409981,-76.1435544,NY,2.5878418087326205,TRUE,0.32913228290526847,TRUE,destination,1
3684000,Yonkers,40.9458622,-73.8674464,NY,7.716624283585794,TRUE,0.46955889624747527,FALSE,risk,3
3701520,Apex,35.7246256,-78.8787455,NC,NA,NA,0.5981950160424103,FALSE,origin,4
3702140,Asheville,35.5709722,-82.5527255,NC,11.7179247588859,TRUE,0.7175548256462133,FALSE,risk,3
3710740,Cary,35.781302,-78.8234436,NC,17.18626951724493,TRUE,0.5981950160424103,FALSE,risk,3
3712000,Charlotte,35.2090447,-80.8309902,NC,19.100265304970016,TRUE,0.6433684996895382,FALSE,risk,3
3714100,Concord,35.3920937,-80.6355101,NC,36.07569126791451,TRUE,0.6633199502543332,FALSE,risk,3
3719000,Durham,35.9780615,-78.8994971,NC,23.918714912623035,TRUE,0.6401605880153788,FALSE,risk,3
3722920,Fayetteville,35.0827658,-78.9735152,NC,6.867363945516997,TRUE,0.6768520846260238,FALSE,risk,3
3725580,Gastonia,35.2489991,-81.1848344,NC,16.09599851600085,TRUE,0.6683362328706715,FALSE,risk,3
3728000,Greensboro,36.0948502,-79.8236236,NC,10.684694600118979,TRUE,0.6686142958019086,FALSE,risk,3
3728080,Greenville,35.5964312,-77.3752557,NC,1.2115755058153306,TRUE,0.6088115615050438,FALSE,risk,3
3731400,High Point,35.9908031,-79.9927127,NC,10.873470513977,TRUE,0.6686142958019086,FALSE,risk,3
3734200,Jacksonville,34.7297298,-77.3936614,NC,5.913245240769836,TRUE,0.6071854705762121,FALSE,risk,3
3755000,Raleigh,35.831868,-78.6410418,NC,15.062190425754022,TRUE,0.5981950160424103,FALSE,risk,3
3774440,Wilmington,34.209225000000004,-77.8857671,NC,12.713931649652785,TRUE,0.5822557068758576,FALSE,risk,3
3775000,Winston-Salem,36.1028627,-80.2608286,NC,8.796103286964032,TRUE,0.6451451337943772,FALSE,risk,3
3807200,Bismarck,46.814583,-100.7700888,ND,10.740528294732002,TRUE,0.28144880633168506,TRUE,destination,1
3825700,Fargo,46.8647005,-96.8290805,ND,17.88889862820236,TRUE,0.2532331790911661,TRUE,destination,1
3901000,Akron,41.0804559,-81.5214295,OH,-1.7514203343866166,FALSE,0.5305026234725457,FALSE,origin,4
3912000,Canton,40.8076499,-81.3672284,OH,0.4744988838858957,TRUE,0.5203562838413432,FALSE,risk,3
3915000,Cincinnati,39.140183,-84.5058289,OH,8.12625032356753,TRUE,0.4914756431136681,TRUE,destination,1
3916000,Cleveland,41.4784623,-81.6794351,OH,-2.666053900546042,FALSE,0.5063870622525847,FALSE,origin,4
3918000,Columbus,39.9839384,-82.9848818,OH,12.958967188274073,TRUE,0.4585298866784618,TRUE,destination,1
3921000,Dayton,39.7847429,-84.1996322,OH,-1.839330481293021,FALSE,0.46176274434457015,TRUE,opportunity,2
3944856,Lorain,41.4388045,-82.179722,OH,3.160532309296128,TRUE,0.4618240349187853,TRUE,destination,1
3961000,Parma,41.3835687,-81.728641,OH,0.46135180771914963,TRUE,0.5063870622525847,FALSE,risk,3
3977000,Toledo,41.664071,-83.5818608,OH,-3.6445342662034412,FALSE,0.38481772809721404,TRUE,opportunity,2
3988000,Youngstown,41.099095,-80.6459017,OH,NA,NA,0.5202952950077351,FALSE,origin,4
4009050,Broken Arrow,36.0365287,-95.7809963,OK,13.646738601871093,TRUE,0.4171519358157961,TRUE,destination,1
4023200,Edmond,35.6738074,-97.4130764,OK,10.587516969884192,TRUE,0.431923795507887,TRUE,destination,1
4041850,Lawton,34.6192179,-98.4211065,OK,-9.315855355896673,FALSE,0.4325430608730264,TRUE,opportunity,2
4052500,Norman,35.240569,-97.3452994,OK,14.088518532783475,TRUE,0.4257077746128868,TRUE,destination,1
4055000,Oklahoma City,35.4670795,-97.5136565,OK,15.857460890621365,TRUE,0.431923795507887,TRUE,destination,1
4075000,Tulsa,36.1279488,-95.9023162,OK,3.2354381347147587,TRUE,0.4171519358157961,TRUE,destination,1
4105350,Beaverton,45.4778302,-122.8169015,OR,5.43753076788726,TRUE,0.2349754356023926,TRUE,destination,1
4105800,Bend,44.0566827,-121.3079909,OR,31.497188368760135,TRUE,0.35004093813617637,TRUE,destination,1
4123850,Eugene,44.0568478,-123.1190193,OR,14.876459941904834,TRUE,0.26538059192959246,FALSE,risk,3
4131250,Gresham,45.502319,-122.4416088,OR,4.575854778718194,TRUE,0.28763456994274916,TRUE,destination,1
4134100,Hillsboro,45.5267977,-122.9353955,OR,15.273748636279336,TRUE,0.2349754356023926,TRUE,destination,1
4147000,Medford,42.3368932,-122.851768,OR,9.600676314892477,TRUE,0.3593901554623983,TRUE,destination,1
4159000,Portland,45.5369506,-122.649971,OR,6.864819442389422,TRUE,0.28763456994274916,TRUE,destination,1
4164900,Salem,44.9238996,-123.0230068,OR,14.61581050718474,TRUE,0.19634413543801785,TRUE,destination,1
4202000,Allentown,40.5936476,-75.4783928,PA,7.9505922003219816,TRUE,0.5456348261344761,FALSE,risk,3
4206088,Bethlehem,40.6264238,-75.3678976,PA,7.13460374357795,TRUE,0.5414912491291042,FALSE,risk,3
4224000,Erie,42.1165941,-80.0735032,PA,-7.420677825142846,FALSE,0.5072350385645286,FALSE,origin,4
4260000,Philadelphia,40.0093755,-75.1333459,PA,5.517253015178565,TRUE,0.6629595721985857,FALSE,risk,3
4261000,Pittsburgh,40.4399359,-79.9756758,PA,1.5981503664561743,TRUE,0.6438412523404,FALSE,risk,3
4263624,Reading,40.33922,-75.9262773,PA,13.431342292222297,TRUE,0.627214429989621,FALSE,risk,3
4269000,Scranton,41.4041782,-75.6659078,PA,0.39870855779251035,TRUE,0.4647742610147661,TRUE,destination,1
4419180,Cranston,41.7697341,-71.4850489,RI,9.695868791202487,TRUE,0.4426167656819765,FALSE,risk,3
4454640,Pawtucket,41.8748244,-71.3733235,RI,10.601793296601883,TRUE,0.4426167656819765,FALSE,risk,3
4459000,Providence,41.8230558,-71.4187841,RI,9.775827589402518,TRUE,0.4426167656819765,FALSE,risk,3
4474300,Warwick,41.7030847,-71.4203098,RI,1.6738836840665297,TRUE,0.4556243077298665,FALSE,risk,3
4513330,Charleston,32.828017,-79.9728961,SC,23.502217920469473,TRUE,0.6391255210464187,FALSE,risk,3
4516000,Columbia,34.0405186,-80.9060995,SC,10.982968794636427,TRUE,0.6227688296257864,FALSE,risk,3
4530850,Greenville,34.8369021,-82.362997,SC,NA,NA,0.6073696340157367,FALSE,origin,4
4548535,Mount Pleasant,32.8083816,-79.8650382,SC,26.43897869600294,TRUE,0.6391255210464187,FALSE,risk,3
4550875,North Charleston,32.9178812,-80.065,SC,19.598737000646526,TRUE,0.6391255210464187,FALSE,risk,3
4561405,Rock Hill,34.9382159,-81.0191766,SC,13.38467411776003,TRUE,0.6576742331552752,FALSE,risk,3
4652980,Rapid City,44.0710712,-103.2179242,SD,12.832158347573937,TRUE,0.36965857799042173,TRUE,destination,1
4659020,Sioux Falls,43.5406955,-96.7319616,SD,26.265454589282367,TRUE,0.2765695011021647,TRUE,destination,1
4714000,Chattanooga,35.065958,-85.248386,TN,13.113240345255532,TRUE,0.6919299940308885,FALSE,risk,3
4715160,Clarksville,36.5664303,-87.3452162,TN,30.709746899299184,TRUE,0.560321904660205,FALSE,risk,3
4727740,Franklin,35.9140251,-86.8521609,TN,28.831372776107976,TRUE,0.5840769941454125,FALSE,risk,3
4737640,Jackson,35.6541475,-88.8349721,TN,2.8190332370160847,TRUE,0.6255742070411856,FALSE,risk,3
4738320,Johnson City,36.3423251,-82.3809148,TN,10.278677473440617,TRUE,0.742290949405567,FALSE,risk,3
4740000,Knoxville,35.9706805,-83.9492703,TN,10.512503656832894,TRUE,0.7023215123251717,FALSE,risk,3
4748000,Memphis,35.1090259,-89.967455,TN,-3.6611161142424735,FALSE,0.6354308101947187,FALSE,origin,4
4751560,Murfreesboro,35.8539148,-86.4212238,TN,46.402927878548894,TRUE,0.6146660859679343,FALSE,risk,3
4752006,Nashville-Davidson metropolitan government (balance),36.1718001,-86.7850016,TN,11.97973826096467,TRUE,0.5945171018807222,FALSE,risk,3
4801000,Abilene,32.4545143,-99.7381473,TX,9.076256264347782,TRUE,0.5255959281354923,FALSE,risk,3
4801924,Allen,33.1097362,-96.6730316,TX,22.058710276480657,TRUE,0.3586284007744108,TRUE,destination,1
4803000,Amarillo,35.1980643,-101.8331073,TX,5.013657481507289,TRUE,0.5754859420852299,FALSE,risk,3
4804000,Arlington,32.7007082,-97.1246912,TX,7.232743390670654,TRUE,0.3977179434237632,TRUE,destination,1
4804462,Atascocita,29.9778739,-95.194624,TX,82.74169472467253,TRUE,0.5473016803283168,FALSE,risk,3
4805000,Austin,30.2986219,-97.7541339,TX,14.107347168899397,TRUE,0.45648261182867766,TRUE,destination,1
4806128,Baytown,29.7647804,-94.9674569,TX,16.949708854920715,TRUE,0.5473016803283168,FALSE,risk,3
4807000,Beaumont,30.084912,-94.1453303,TX,-3.367840354385697,FALSE,0.6007121333021084,FALSE,origin,4
4810768,Brownsville,25.9956886,-97.4508477,TX,12.607586621719799,TRUE,0.592873378133995,FALSE,risk,3
4810912,Bryan,30.6660162,-96.3810493,TX,16.11773700014627,TRUE,0.3568568653269465,TRUE,destination,1
4813024,Carrollton,32.9893856,-96.8999404,TX,5.5491937703819865,TRUE,0.3627012511946573,TRUE,destination,1
4813552,Cedar Park,30.5101769,-97.8186264,TX,NA,NA,0.4137322499984287,TRUE,origin,4
4815976,College Station,30.5851598,-96.2963598,TX,24.75465614257249,TRUE,0.3568568653269465,TRUE,destination,1
4816432,Conroe,30.3287174,-95.4845996,TX,NA,NA,0.5501743169857737,FALSE,origin,4
4817000,Corpus Christi,27.7542524,-97.1733853,TX,-0.25201455731201045,FALSE,0.6056726988623643,FALSE,origin,4
4819000,Dallas,32.7933334,-96.7665128,TX,6.60666616176436,TRUE,0.3627012511946573,TRUE,destination,1
4819972,Denton,33.2174488,-97.1413455,TX,30.39075874602357,TRUE,0.377401634288718,TRUE,destination,1
4822660,Edinburg,26.3210564,-98.1628367,TX,31.4268121644755,TRUE,0.5714343510817815,FALSE,risk,3
4824000,El Paso,31.8477804,-106.4311055,TX,4.412037896256264,TRUE,0.6121521822551395,FALSE,risk,3
4826232,Flower Mound,33.0378907,-97.113381,TX,17.18907719685599,TRUE,0.377401634288718,TRUE,destination,1
4827000,Fort Worth,32.7819538,-97.3485732,TX,27.13441342285438,TRUE,0.3977179434237632,TRUE,destination,1
4827684,Frisco,33.1554266,-96.8225959,TX,67.35411369067633,TRUE,0.3586284007744108,TRUE,destination,1
4829000,Garland,32.9098262,-96.6303341,TX,5.7563077222146735,TRUE,0.3627012511946573,TRUE,destination,1
4829336,Georgetown,30.6681363,-97.6987438,TX,NA,NA,0.4137322499984287,TRUE,origin,4
4830464,Grand Prairie,32.6861079,-97.0208035,TX,12.037397830137522,TRUE,0.3627012511946573,TRUE,destination,1
4832372,Harlingen,26.191204,-97.6973825,TX,20.487452539115537,TRUE,0.592873378133995,FALSE,risk,3
4835000,Houston,29.7857435,-95.3888059,TX,6.2702488278066255,TRUE,0.5473016803283168,FALSE,risk,3
4837000,Irving,32.8577478,-96.9700224,TX,10.881122616041864,TRUE,0.3627012511946573,TRUE,destination,1
4839148,Killeen,31.0776691,-97.731952,TX,19.471862157337775,TRUE,0.41888968227383244,TRUE,destination,1
4841464,Laredo,27.5603788,-99.4891811,TX,7.847165841766078,TRUE,0.5008645920641355,FALSE,risk,3
4841980,League City,29.4900638,-95.1090929,TX,24.127420838051492,TRUE,0.5166740385640831,FALSE,risk,3
4842016,Leander,30.5742732,-97.8617408,TX,NA,NA,0.4137322499984287,TRUE,origin,4
4842508,Lewisville,33.0507245,-96.9746228,TX,35.010584721706664,TRUE,0.377401634288718,TRUE,destination,1
4843888,Longview,32.5193375,-94.7645924,TX,6.2357492218118695,TRUE,0.5041337817499041,FALSE,risk,3
4845000,Lubbock,33.5619007,-101.888883,TX,13.834033419198306,TRUE,0.5075834496258785,FALSE,risk,3
4845384,McAllen,26.2249657,-98.246083,TX,11.004193909134393,TRUE,0.5714343510817815,FALSE,risk,3
4845744,McKinney,33.2011245,-96.6641609,TX,46.595825789555875,TRUE,0.3586284007744108,TRUE,destination,1
4846452,Mansfield,32.5691876,-97.1205321,TX,NA,NA,0.3977179434237632,TRUE,origin,4
4847892,Mesquite,32.7595502,-96.5841641,TX,2.892844274582523,TRUE,0.3627012511946573,TRUE,destination,1
4848072,Midland,32.0246419,-102.1134666,TX,10.380177777964192,TRUE,0.6260451776906123,FALSE,risk,3
4848768,Mission,26.2040601,-98.3252207,TX,15.674134212735682,TRUE,0.5714343510817815,FALSE,risk,3
4848804,Missouri City,29.5629438,-95.5359985,TX,0.4721981371952695,TRUE,0.4616409075923083,TRUE,destination,1
4850820,New Braunfels,29.6993064,-98.1151266,TX,NA,NA,0.5549132612508183,FALSE,origin,4
4852356,North Richland Hills,32.8605802,-97.2191455,TX,6.0363323335252215,TRUE,0.3977179434237632,TRUE,destination,1
4853388,Odessa,31.8804608,-102.345314,TX,13.920286173870362,TRUE,0.6313907912902856,FALSE,risk,3
4856000,Pasadena,29.6549958,-95.151055,TX,-2.0702724703599893,FALSE,0.5473016803283168,FALSE,origin,4
4856348,Pearland,29.5557321,-95.3230117,TX,22.332727449404164,TRUE,0.5584068479596007,FALSE,risk,3
4857176,Pflugerville,30.4477647,-97.6021157,TX,NA,NA,0.45648261182867766,TRUE,origin,4
4857200,Pharr,26.1678441,-98.1901985,TX,11.51771217378693,TRUE,0.5714343510817815,FALSE,risk,3
4858016,Plano,33.0507687,-96.747944,TX,6.927366950043897,TRUE,0.3586284007744108,TRUE,destination,1
4861796,Richardson,32.9722914,-96.7080688,TX,15.874703418466876,TRUE,0.3627012511946573,TRUE,destination,1
4863500,Round Rock,30.5267667,-97.6600794,TX,23.640792230800564,TRUE,0.4137322499984287,TRUE,destination,1
4863572,Rowlett,32.9159261,-96.5485867,TX,NA,NA,0.3627012511946573,TRUE,origin,4
4864472,San Angelo,31.4410777,-100.450499,TX,-0.7783241359731683,FALSE,0.5570903475429781,FALSE,origin,4
4865000,San Antonio,29.4628094,-98.5246346,TX,8.634996477217971,TRUE,0.4965183013370298,TRUE,destination,1
4865600,San Marcos,29.872399,-97.9360219,TX,NA,NA,0.4994536847311355,FALSE,origin,4
4869596,Spring,30.0621687,-95.3839657,TX,NA,NA,0.5473016803283168,FALSE,origin,4
4870808,Sugar Land,29.5927637,-95.6338008,TX,29.958960570819173,TRUE,0.4616409075923083,TRUE,destination,1
4872176,Temple,31.1034495,-97.3911242,TX,37.20088149307864,TRUE,0.41888968227383244,TRUE,destination,1
4872656,The Woodlands,30.172562,-95.5098125,TX,19.006210010591325,TRUE,0.5501743169857737,FALSE,risk,3
4874144,Tyler,32.3172584,-95.3058858,TX,13.029745524528359,TRUE,0.412441380394721,TRUE,destination,1
4875428,Victoria,28.8285277,-96.9860146,TX,0.08961169176101025,TRUE,0.4887437675150683,FALSE,risk,3
4876000,Waco,31.5579941,-97.1897498,TX,15.476140171628678,TRUE,0.3802392419256754,TRUE,destination,1
4879000,Wichita Falls,33.9066543,-98.5258481,TX,0.9527811825199293,TRUE,0.4515533029051426,TRUE,destination,1
4943660,Layton,41.077423,-111.9607269,UT,17.894928402972653,TRUE,0.3278931053156543,TRUE,destination,1
4944320,Lehi,40.4170802,-111.8711467,UT,NA,NA,0.3278849377733697,TRUE,origin,4
4955980,Ogden,41.2283911,-111.9681469,UT,9.239548693223275,TRUE,0.2538245599696941,TRUE,destination,1
4957300,Orem,40.2980651,-111.6994451,UT,9.911105532884438,TRUE,0.3278849377733697,TRUE,destination,1
4962470,Provo,40.2453116,-111.6450565,UT,2.6319097322362213,TRUE,0.3278849377733697,TRUE,destination,1
4965330,St. George,37.0770058,-113.5765342,UT,42.47324743226331,TRUE,0.36129815401807297,TRUE,destination,1
4967000,Salt Lake City,40.7769281,-111.9309915,UT,14.115107122215978,TRUE,0.34573687398351693,TRUE,destination,1
4967440,Sandy,40.5717144,-111.8498697,UT,2.279335445739521,TRUE,0.34573687398351693,TRUE,destination,1
4970850,South Jordan,40.5569048,-111.9785843,UT,NA,NA,0.34573687398351693,TRUE,origin,4
4982950,West Jordan,40.6026661,-112.0012548,UT,7.439914765280331,TRUE,0.34573687398351693,TRUE,destination,1
4983470,West Valley City,40.6884927,-112.0117586,UT,7.186799099505671,TRUE,0.34573687398351693,TRUE,destination,1
5101000,Alexandria,38.8192511,-77.0836695,VA,3.1769115805912955,TRUE,0.6872557019384595,FALSE,risk,3
5103000,Arlington,38.8783374,-77.1007034,VA,4.188822735924607,TRUE,0.6150609854217263,FALSE,risk,3
5114440,Centreville,38.8406498,-77.4384615,VA,1.2680590157606422,TRUE,0.6233865727361407,FALSE,risk,3
5116000,Chesapeake,36.6793761,-76.3017884,VA,12.108642191895008,TRUE,0.7595730040058024,FALSE,risk,3
5121088,Dale City,38.6498116,-77.345941,VA,6.072356348903321,TRUE,0.6432283253199802,FALSE,risk,3
5135000,Hampton,37.0479606,-76.2972931,VA,1.8974383343498402,TRUE,0.7581426669509503,FALSE,risk,3
5147672,Lynchburg,37.3990161,-79.1954582,VA,4.3395889235178675,TRUE,0.6389621336324964,FALSE,risk,3
5156000,Newport News,37.0761357,-76.5219802,VA,1.0056572194312394,TRUE,0.6942764915098789,FALSE,risk,3
5157000,Norfolk,36.9230149,-76.2446413,VA,-2.705582191645744,FALSE,0.7370715469280364,FALSE,origin,4
5164000,Portsmouth,36.8593388,-76.3569725,VA,2.981729608381394,TRUE,0.7576014930236676,FALSE,risk,3
5166672,Reston,38.9497618,-77.3462444,VA,NA,NA,0.6233865727361407,FALSE,origin,4
5167000,Richmond,37.531399,-77.4760085,VA,11.895461864858433,TRUE,0.7321953887884105,FALSE,risk,3
5168000,Roanoke,37.278458,-79.9581739,VA,-1.8532199774800775,FALSE,0.7299534745168351,FALSE,origin,4
5176432,Suffolk,36.6971573,-76.6347808,VA,17.272785888010198,TRUE,0.7370283785233911,FALSE,risk,3
5182000,Virginia Beach,36.7795254,-76.0291418,VA,0.8254529171874689,TRUE,0.747617066774633,FALSE,risk,3
5303180,Auburn,47.303773,-122.2100001,WA,17.293525868066375,TRUE,0.41485094769251385,TRUE,destination,1
5305210,Bellevue,47.597837,-122.1564797,WA,16.432054722183615,TRUE,0.41485094769251385,TRUE,destination,1
5305280,Bellingham,48.7534421,-122.4701786,WA,15.323107004123575,TRUE,0.30089797963776765,TRUE,destination,1
5322640,Everett,47.9654125,-122.1898945,WA,9.274517764954858,TRUE,0.3757356493435471,TRUE,destination,1
5323515,Federal Way,47.311596,-122.3377572,WA,8.6281151603413,TRUE,0.41485094769251385,TRUE,destination,1
5335275,Kennewick,46.1976218,-119.1759227,WA,8.692260032873925,TRUE,0.3537640196447041,TRUE,destination,1
5335415,Kent,47.3879703,-122.2127275,WA,13.08506553970092,TRUE,0.41485094769251385,TRUE,destination,1
5335940,Kirkland,47.6966579,-122.2041702,WA,11.88172328585761,TRUE,0.41485094769251385,TRUE,destination,1
5343955,Marysville,48.0802144,-122.1543118,WA,NA,NA,0.3757356493435471,TRUE,origin,4
5353545,Pasco,46.2661126,-119.1214259,WA,17.552522490223183,TRUE,0.35437713619241573,TRUE,destination,1
5357535,Redmond,47.6779241,-122.1153356,WA,NA,NA,0.41485094769251385,TRUE,origin,4
5357745,Renton,47.4791902,-122.1946129,WA,11.131550259556843,TRUE,0.41485094769251385,TRUE,destination,1
5361115,Sammamish,47.5942675,-122.0380805,WA,NA,NA,0.41485094769251385,TRUE,origin,4
5363000,Seattle,47.6193352,-122.3515382,WA,18.108455568373188,TRUE,0.41485094769251385,TRUE,destination,1
5365922,South Hill,47.1207041,-122.2852642,WA,NA,NA,0.31252214966807834,TRUE,origin,4
5367000,Spokane,47.6669347,-117.433322,WA,13.14812996029816,TRUE,0.2992234791546427,TRUE,destination,1
5367167,Spokane Valley,47.6633532,-117.2327795,WA,24.341942140499487,TRUE,0.2992234791546427,TRUE,destination,1
5370000,Tacoma,47.2521991,-122.4598318,WA,15.010645394181282,TRUE,0.31252214966807834,TRUE,destination,1
5374060,Vancouver,45.6371555,-122.5965674,WA,23.240690118942737,TRUE,0.29435090013192194,TRUE,destination,1
5380010,Yakima,46.5909379,-120.5494001,WA,5.773159655034612,TRUE,0.41570756473006604,TRUE,destination,1
5502375,Appleton,44.2788729,-88.3882837,WI,1.4285283546123155,TRUE,0.2632329284831834,TRUE,destination,1
5522300,Eau Claire,44.8183435,-91.4947691,WI,5.806126364086525,TRUE,0.26481489248311385,TRUE,destination,1
5531000,Green Bay,44.5215424,-87.9865684,WI,3.771331919438649,TRUE,0.2550784648144919,TRUE,destination,1
5537825,Janesville,42.6846985,-89.0131701,WI,NA,NA,0.33013363697700143,TRUE,origin,4
5539225,Kenosha,42.5875256,-87.8799955,WI,6.000190733863354,TRUE,0.2888107838187679,TRUE,destination,1
5548000,Madison,43.0878147,-89.4298563,WI,16.513074276096805,TRUE,0.3185735494689058,TRUE,destination,1
5553000,Milwaukee,43.0633484,-87.9666952,WI,-3.193207866665694,FALSE,0.23848105872357334,TRUE,opportunity,2
5560500,Oshkosh,44.0231681,-88.5622603,WI,1.297890063227089,TRUE,0.24862993412513257,TRUE,destination,1
5566000,Racine,42.7255685,-87.814224,WI,0.4973210251113547,TRUE,0.29690871624208126,TRUE,destination,1
5584250,Waukesha,43.0090837,-88.2450618,WI,0.3361154939943891,TRUE,0.2660476666387507,TRUE,destination,1
5613900,Cheyenne,41.1272705,-104.7902196,WY,NA,NA,0.40751695086226475,TRUE,origin,4
